l0,b0,angle,lsun
4.646684415730759,-0.10257597563536874,-0.08133948706795115,-9.42477796076938
