{
  "title": "Zernike polynomials (n, m: indices; a: amplitude in um)",
  "N-polys": 33,
  "z001-n": 2,
  "z001-m": 0,
  "z001-a": 0.027999999999999997,
  "z002-n": 2,
  "z002-m": 2,
  "z002-a": 0.020202700237240485,
  "z003-n": 2,
  "z003-m": -2,
  "z003-a": -0.01938687450633039,
  "z004-n": 3,
  "z004-m": 1,
  "z004-a": 0.021911887618735734,
  "z005-n": 3,
  "z005-m": -1,
  "z005-a": -0.05153512570067036,
  "z006-n": 3,
  "z006-m": 3,
  "z006-a": -0.05261555661594994,
  "z007-n": 3,
  "z007-m": -3,
  "z007-a": 0.019172981040875354,
  "z008-n": 4,
  "z008-m": 0,
  "z008-a": 0.027999999999999997,
  "z009-n": 4,
  "z009-m": 2,
  "z009-a": -0.0064677443383017305,
  "z010-n": 4,
  "z010-m": -2,
  "z010-a": -0.02724276570347375,
  "z011-n": 4,
  "z011-m": 4,
  "z011-a": 0.022618686994334464,
  "z012-n": 4,
  "z012-m": -4,
  "z012-a": -0.016504393313670297,
  "z013-n": 5,
  "z013-m": 1,
  "z013-a": -0.05599998754420288,
  "z014-n": 5,
  "z014-m": -1,
  "z014-a": 3.735035637949679e-05,
  "z015-n": 5,
  "z015-m": 3,
  "z015-a": 0.016001876230155414,
  "z016-n": 5,
  "z016-m": -3,
  "z016-a": -0.05366507204052545,
  "z017-n": 5,
  "z017-m": 5,
  "z017-a": 0.05345281386871303,
  "z018-n": 5,
  "z018-m": -5,
  "z018-a": 0.016697206039236617,
  "z019-n": 6,
  "z019-m": 0,
  "z019-a": 0.027999999999999997,
  "z020-n": 6,
  "z020-m": 2,
  "z020-a": 0.023388552496777633,
  "z021-n": 6,
  "z021-m": -2,
  "z021-a": 0.015394012215971399,
  "z022-n": 6,
  "z022-m": 4,
  "z022-a": 0.023915437694738903,
  "z023-n": 6,
  "z023-m": -4,
  "z023-a": 0.014561999858160332,
  "z024-n": 6,
  "z024-m": 6,
  "z024-a": 0.014338547618866044,
  "z025-n": 6,
  "z025-m": -6,
  "z025-a": 0.024050073849814075,
  "z026-n": 7,
  "z026-m": 1,
  "z026-a": -0.016545839442462892,
  "z027-n": 7,
  "z027-m": -1,
  "z027-a": -0.053499861655374764,
  "z028-n": 7,
  "z028-m": 3,
  "z028-a": 0.03669538617445192,
  "z029-n": 7,
  "z029-m": -3,
  "z029-a": 0.04230187505900704,
  "z030-n": 7,
  "z030-m": 5,
  "z030-a": -0.01972564737175619,
  "z031-n": 7,
  "z031-m": -5,
  "z031-a": -0.05241086562693968,
  "z032-n": 7,
  "z032-m": 7,
  "z032-a": 0.01569656972829282,
  "z033-n": 7,
  "z033-m": -7,
  "z033-a": -0.053755164391571165
}
